id,date,price,bedrooms,bathrooms,sqft_living,sqft_lot,floors,waterfront,view,condition,grade,sqft_above,sqft_basement,yr_built,yr_renovated,zipcode,lat,long,sqft_living15,sqft_lot15,preco_por_area,CARO,CARO_B
7853210060,20150406T000000,430000,4,2.5,2070,4310,2,0,0,3,7,2070,0,2004,0,98065,47.5319,-121.85,1970,3748,207.729468599034,TRUE,1
7994700030,20141023T000000,201000,5,1.75,1660,78408,1.5,0,0,3,6,1660,0,1915,0,98065,47529,-121837,1660,78408,121.084337349398,FALSE,0
7852110140,20140718T000000,552250,4,2.5,2580,5823,2,0,0,3,8,2580,0,2002,0,98065,47.5374,-121875,2380,5823,214.050387596899,TRUE,1
7852030960,20141106T000000,437500,3,2.5,2120,4500,2,0,0,3,7,2120,0,2000,0,98065,47.5322,-121.88,2530,4816,206.367924528302,FALSE,0
7852170140,20150510T000000,650000,4,2.5,3180,5438,2,0,0,3,9,3180,0,2003,0,98065,47.5416,-121864,3030,5335,204.40251572327,FALSE,0
3624079046,20141028T000000,460000,4,3,2230,108900,1,0,0,3,7,1410,820,1978,0,98065,47.52,-121845,1960,65340,206.27802690583,FALSE,0
7853240200,20140516T000000,619000,3,2.5,2720,6439,2,0,0,3,9,2720,0,2005,0,98065,47.5422,-121.86,3180,7320,227.573529411765,TRUE,1
7852180340,20140930T000000,430000,3,2.5,2360,6699,2,0,0,3,7,2360,0,2003,0,98065,47.5317,-121853,2360,4744,182.203389830508,FALSE,0
7849202231,20140723T000000,337000,3,2.5,1470,3976,2,0,0,3,7,1470,0,1999,0,98065,47526,-121826,1490,4400,229.251700680272,TRUE,1
7852070060,20140731T000000,1145000,4,3.5,4370,18361,2,0,0,3,11,4370,0,2001,0,98065,47544,-121872,4190,13641,262.013729977117,TRUE,1
7853290030,20150311T000000,507000,4,2.5,2730,7649,2,0,0,3,7,2730,0,2006,0,98065,47.5441,-121882,2730,6216,185.714285714286,FALSE,0
7852020640,20141020T000000,470000,3,2.5,2100,4700,2,0,0,3,8,2100,0,1999,0,98065,47.5341,-121867,2100,4700,223.809523809524,TRUE,1
7853340860,20150310T000000,420000,2,2.75,1760,4139,2,0,0,3,8,1760,0,2010,0,98065,47.5175,-121878,1870,3076,238.636363636364,TRUE,1
7852090810,20141119T000000,515000,3,2.5,2430,4203,2,0,0,3,8,2430,0,2001,0,98065,47.5346,-121875,2500,4798,211.934156378601,TRUE,1
7853210140,20150309T000000,359000,3,2.5,1450,3850,2,0,0,3,7,1450,0,2004,0,98065,47.5318,-121.85,1970,3748,247.586206896552,TRUE,1
7852030240,20150408T000000,485500,4,2.5,2320,3974,2,0,0,3,7,2320,0,1999,0,98065,47532,-121.88,2620,4539,209.26724137931,TRUE,1
7852180560,20150424T000000,403000,3,2.5,1700,4125,2,0,0,3,7,1700,0,2004,0,98065,47.5305,-121854,1970,4105,237.058823529412,TRUE,1
7852030320,20150217T000000,470000,3,2.5,2620,4874,2,0,0,3,7,2620,0,1999,0,98065,47.5328,-121879,2360,4231,179.389312977099,FALSE,0
7852160070,20150105T000000,937500,5,3.75,4210,14599,2,0,3,3,10,4210,0,2004,0,98065,47.5364,-121858,3950,13591,222.684085510689,TRUE,1
7853300070,20140818T000000,539950,5,3,3100,5250,2,0,0,3,7,3100,0,2006,0,98065,47.5369,-121888,2460,5250,174.177419354839,FALSE,0
5103900045,20140725T000000,299000,3,1.75,1730,14270,1,0,0,3,7,1730,0,1959,0,98065,47.5318,-121833,1600,11232,172.832369942197,FALSE,0
7853240560,20140903T000000,585000,4,2.5,3110,6479,2,0,0,3,9,3110,0,2005,0,98065,47.5408,-121861,3110,7075,188.102893890675,FALSE,0
7849201600,20140724T000000,286700,3,1,1220,6600,1,0,0,3,6,1220,0,1958,0,98065,47.5297,-121827,1100,6600,235,TRUE,1
7853250160,20150220T000000,520000,4,2.5,3060,7161,2,0,0,3,8,2860,200,2005,0,98065,47.5383,-121879,2950,6822,169.934640522876,FALSE,0
7852150140,20141007T000000,381000,3,2.5,1470,3999,2,0,0,3,7,1470,0,2003,0,98065,47.5328,-121871,1960,4444,259.183673469388,TRUE,1
7851980260,20140730T000000,1110000,5,3.5,7350,12231,2,0,4,3,11,4750,2600,2001,0,98065,47.5373,-121865,5380,12587,151.020408163265,FALSE,0
7852180260,20150129T000000,410000,3,2.5,2350,4456,2,0,0,3,7,2350,0,2004,0,98065,47.5314,-121854,2350,4456,174.468085106383,FALSE,0
5415000240,20150224T000000,330000,4,1.75,1520,14417,1,0,0,4,7,1520,0,1968,0,98065,47526,-121809,1600,10716,217.105263157895,TRUE,1
7852130100,20150313T000000,459950,3,2.5,2340,4273,2,0,0,3,7,2340,0,2002,0,98065,47.5362,-121878,2400,4624,196.559829059829,FALSE,0
7852040110,20140908T000000,423700,3,2.5,2070,3986,2,0,0,3,8,2070,0,1999,0,98065,47.5348,-121877,2090,3986,204.685990338164,FALSE,0
7852020300,20150313T000000,525000,3,2.5,2200,4544,2,0,0,3,8,2200,0,2000,0,98065,47.5319,-121867,2400,5431,238.636363636364,TRUE,1
7462900015,20150108T000000,387000,3,2.25,1760,45133,2,0,0,3,7,1760,0,1984,0,98065,47.5124,-121866,1910,51773,219.886363636364,TRUE,1
7853270940,20140905T000000,389000,3,2.5,1720,4515,2,0,0,3,7,1720,0,2005,0,98065,47.5426,-121879,2220,4618,226.162790697674,TRUE,1
7853270740,20140917T000000,632500,5,3.25,3500,7254,2,0,0,3,8,2760,740,2005,0,98065,47.5444,-121881,2820,6317,180.714285714286,FALSE,0
7849200315,20150205T000000,276000,2,1,1140,7200,1,0,0,3,6,1140,0,1923,1951,98065,47.5265,-121823,1110,7200,242.105263157895,TRUE,1
7853301560,20140625T000000,762000,4,3.5,4000,15253,2,0,0,3,9,4000,0,2007,0,98065,47.5433,-121887,3550,8747,190.5,FALSE,0
7853250090,20140929T000000,681000,4,2.5,3860,5130,2,0,0,3,8,2930,930,2004,0,98065,47.5387,-121879,3130,6163,176.424870466321,FALSE,0
7853240100,20140902T000000,772500,5,2.75,3890,9130,2,0,0,3,9,3890,0,2004,0,98065,47.5407,-121.86,3450,8361,198.586118251928,FALSE,0
2424410110,20140611T000000,325000,3,1.75,1790,27427,1,0,0,3,7,1130,660,1978,0,98065,47532,-121761,1610,16684,181.564245810056,FALSE,0
7852100110,20150422T000000,490000,4,3,2640,5267,2,0,0,3,7,2640,0,2001,0,98065,47.5298,-121.88,2640,5670,185.606060606061,FALSE,0
7852090750,20140721T000000,576000,4,2.5,2590,5756,2,0,0,3,8,2590,0,2001,0,98065,47.5356,-121875,2620,6109,222.393822393822,TRUE,1
7852020590,20150305T000000,499900,3,2.5,2100,5112,2,0,0,3,8,2100,0,1999,0,98065,47.5338,-121867,2100,4370,238.047619047619,TRUE,1
7852070090,20150116T000000,700000,3,2.5,3110,11727,2,0,2,3,9,3110,0,2002,0,98065,47.5445,-121871,4240,13353,225.08038585209,TRUE,1
7852060490,20140709T000000,356000,3,2.5,1590,3411,2,0,0,3,7,1590,0,2000,0,98065,47.5303,-121878,1590,3411,223.899371069182,TRUE,1
7853270100,20150315T000000,730000,4,2.5,3470,14271,2,0,0,3,9,3470,0,2005,0,98065,47.5423,-121877,3450,9380,210.374639769452,TRUE,1
7853340490,20140617T000000,386000,2,2.5,1620,3196,2,0,0,3,8,1620,0,2008,0,98065,47.5167,-121878,1750,2828,238.271604938272,TRUE,1
7853301390,20140821T000000,688000,4,4,4000,9309,2,0,0,3,9,4000,0,2007,0,98065,47.5421,-121888,3920,8048,172,FALSE,0
2724089019,20140523T000000,527550,1,0.75,820,59677,1,0,0,3,5,820,0,1999,0,98065,47.5316,-121764,1590,14163,643.353658536585,TRUE,1
7853290090,20141118T000000,515000,4,2.5,2890,7306,2,0,0,3,7,2890,0,2006,0,98065,47.5447,-121883,2850,6687,178.200692041523,FALSE,0
7849200945,20150401T000000,306500,2,1.75,1310,10200,1,0,0,4,6,1310,0,1947,0,98065,47.5231,-121.82,1500,7200,233.969465648855,TRUE,1
7853301220,20140910T000000,425000,4,2.5,2440,5088,2,0,0,3,7,2440,0,2007,0,98065,47.5406,-121889,2440,5762,174.180327868852,FALSE,0
3124089086,20141002T000000,300000,4,1,1730,177657,1.5,0,0,3,5,1730,0,1948,0,98065,47.5163,-121829,1400,45175,173.410404624277,FALSE,0
7853230590,20141029T000000,435000,4,2.5,2190,6578,2,0,0,3,7,2190,0,2004,0,98065,47.5305,-121847,2190,5416,198.630136986301,FALSE,0
7852000110,20140903T000000,441500,3,2.5,2360,4670,2,0,0,3,7,2360,0,1998,0,98065,47537,-121871,2420,5620,187.076271186441,FALSE,0
7851980100,20140605T000000,1075000,5,4.75,5180,17811,2,0,2,3,11,4070,1110,2001,0,98065,47.5405,-121868,3960,15103,207.528957528958,TRUE,1
7852040080,20150421T000000,487275,4,2.5,2400,3986,2,0,0,3,8,2400,0,1999,0,98065,47.5344,-121877,2070,3986,203.03125,FALSE,0
7852010670,20140709T000000,692500,4,2.75,3710,7984,2,0,0,3,9,3710,0,1999,0,98065,47.5352,-121868,2950,7984,186.657681940701,FALSE,0
7852090280,20150219T000000,770000,4,3.25,4270,6384,2,0,0,3,9,3060,1210,2001,0,98065,47.5362,-121874,2850,6285,180.327868852459,FALSE,0
7852010290,20140710T000000,720000,4,2.5,3340,8930,2,0,2,3,10,3340,0,1999,0,98065,47535,-121867,3160,7865,215.568862275449,TRUE,1
7852160250,20141024T000000,942500,4,3.25,3570,14408,2,0,2,3,10,3570,0,2006,0,98065,47536,-121857,4100,14577,264.005602240896,TRUE,1
7802900380,20140908T000000,335000,2,1,1360,69260,1,0,0,4,5,1360,0,1937,0,98065,47.5229,-121838,1460,69260,246.323529411765,TRUE,1
7852020250,20140602T000000,725995,4,2.5,3190,7869,2,0,2,3,9,3190,0,2001,0,98065,47.5317,-121866,2630,6739,227.584639498433,TRUE,1
7853310380,20141211T000000,587000,4,2.75,3190,8737,2,0,0,3,9,3190,0,2006,0,98065,47523,-121877,3240,7131,184.012539184953,FALSE,0
7853301700,20150420T000000,635000,5,2.75,3110,6621,2,0,0,3,9,3110,0,2006,0,98065,47543,-121888,3550,7953,204.180064308682,FALSE,0
7852180430,20150409T000000,450000,4,2.5,2070,3982,2,0,0,3,7,2070,0,2004,0,98065,47531,-121854,2340,4067,217.391304347826,TRUE,1
7852110050,20140625T000000,574000,3,2.5,2380,6832,2,0,0,3,8,2380,0,2002,0,98065,47.5372,-121876,2580,6832,241.176470588235,TRUE,1
7849201061,20150408T000000,319950,4,2.5,2020,7200,1.5,0,0,4,6,2020,0,1954,0,98065,47.5223,-121818,1440,7200,158.391089108911,FALSE,0
7853240660,20140820T000000,650000,3,2.5,3060,7831,2,0,2,3,9,3060,0,2004,0,98065,47.5401,-121861,3140,7438,212.418300653595,TRUE,1
7853221330,20141203T000000,675000,4,2.5,2920,6000,2,0,4,3,9,2920,0,2004,0,98065,47.5333,-121859,3100,6001,231.164383561644,TRUE,1
7853340430,20141119T000000,378000,2,2.5,1700,2513,2,0,0,3,8,1700,0,2009,0,98065,47.5163,-121878,1760,2891,222.352941176471,TRUE,1
7852020660,20140509T000000,505000,3,2.5,2100,5824,2,0,2,3,8,2100,0,1999,0,98065,47.5334,-121867,1890,4140,240.47619047619,TRUE,1
2624089007,20150320T000000,1998000,2,2.5,3900,920423,2,0,0,3,12,3900,0,2009,0,98065,47.5371,-121756,2720,411962,512.307692307692,TRUE,1
5417600130,20141010T000000,244500,2,1,910,9000,1,0,0,3,5,910,0,1923,0,98065,47526,-121.81,1290,9000,268.681318681319,TRUE,1
5417600130,20150512T000000,301000,2,1,910,9000,1,0,0,3,5,910,0,1923,0,98065,47526,-121.81,1290,9000,330.769230769231,TRUE,1
7852190050,20140626T000000,620000,6,3.5,3600,6875,2,0,0,3,8,2740,860,2004,0,98065,47.5401,-121879,3150,6663,172.222222222222,FALSE,0
7853250080,20150216T000000,510000,5,3.25,3400,4499,2,0,0,3,8,2740,660,2005,0,98065,47.5385,-121.88,3400,6163,150,FALSE,0
7849201100,20150217T000000,323000,3,1,1590,7759,2,0,0,4,7,1590,0,1912,1984,98065,47.5217,-121819,1600,7200,203.14465408805,FALSE,0
7852190290,20150303T000000,564000,4,2.5,2870,6658,2,0,0,3,8,2870,0,2004,0,98065,47.5394,-121878,2770,6658,196.515679442509,FALSE,0
7853220690,20140912T000000,470000,3,2.5,2280,6134,2,0,0,3,8,2280,0,2004,0,98065,47.5335,-121854,2640,6167,206.140350877193,FALSE,0
7852180530,20150403T000000,440000,3,2.5,1390,4997,2,0,0,3,7,1390,0,2004,0,98065,47.5303,-121855,2340,4125,316.546762589928,TRUE,1
7852011020,20150327T000000,527900,3,2.5,2490,5928,2,0,2,3,8,2490,0,1998,0,98065,47.5385,-121.87,2420,6381,212.008032128514,TRUE,1
7853220740,20150407T000000,575000,4,2.5,2890,9775,2,0,2,3,8,2890,0,2004,0,98065,47.5339,-121854,2640,7184,198.961937716263,FALSE,0
7852140100,20141007T000000,569000,4,2.5,2830,10954,2,0,0,3,8,2830,0,2003,0,98065,47.5396,-121882,2470,10443,201.060070671378,FALSE,0
7853301130,20150505T000000,499000,4,2.25,2440,5000,2,0,0,3,7,2440,0,2007,0,98065,47.5407,-121.89,2440,5212,204.508196721311,FALSE,0
7849202585,20140904T000000,170000,1,1,480,4560,1,0,0,3,5,480,0,1922,0,98065,47.5253,-121826,890,4803,354.166666666667,TRUE,1
7853340450,20150427T000000,415000,3,2.75,1770,3172,2,0,0,3,8,1770,0,2009,0,98065,47.5164,-121878,1760,2891,234.463276836158,TRUE,1
7853340610,20150421T000000,394000,2,2,1750,2731,2,0,0,3,8,1750,0,2012,0,98065,47.5169,-121878,1650,2731,225.142857142857,TRUE,1
7852090180,20140804T000000,538500,3,3.5,2500,4270,2,0,0,3,8,2500,0,2000,0,98065,47536,-121877,2420,4205,215.4,TRUE,1
7853301570,20150430T000000,685000,4,2.5,3550,10968,2,0,0,3,9,3550,0,2006,0,98065,47.5431,-121886,3550,8583,192.957746478873,FALSE,0
5103900015,20140626T000000,358000,3,1.5,2450,12497,1,0,0,4,7,2450,0,1967,0,98065,47.5317,-121834,1560,11700,146.122448979592,FALSE,0
7852190580,20150210T000000,565000,3,2.5,2700,6037,2,0,0,3,8,2700,0,2004,0,98065,47.5376,-121879,2740,6054,209.259259259259,TRUE,1
7853302370,20140505T000000,499000,4,2.5,2910,6479,2,0,0,3,7,2910,0,2006,0,98065,47.5402,-121887,2320,5178,171.477663230241,FALSE,0
7853310150,20140722T000000,625000,5,1,3240,5324,2,0,0,3,9,3240,0,2007,0,98065,47523,-121875,3240,6036,192.901234567901,FALSE,0
7853301240,20140717T000000,443500,3,2.5,2170,5866,2,0,0,3,7,2170,0,2006,0,98065,47.5403,-121889,2440,5798,204.377880184332,FALSE,0
7853230720,20140910T000000,368000,3,2.5,2080,4307,2,0,0,3,7,2080,0,2004,0,98065,47.53,-121848,2080,4947,176.923076923077,FALSE,0
7853301930,20141009T000000,405000,3,2.5,1960,6997,2,0,0,3,7,1960,0,2006,0,98065,47.5415,-121887,2320,5178,206.632653061224,TRUE,1
7852110070,20140608T000000,567500,3,2.5,2300,7398,2,0,0,3,8,2300,0,2001,0,98065,47.5369,-121876,2580,6983,246.739130434783,TRUE,1
7852011070,20150109T000000,1140000,6,3.75,5960,20197,2,0,4,3,10,3900,2060,2005,0,98065,47.5398,-121869,3860,12800,191.275167785235,FALSE,0
7849202190,20141223T000000,235000,0,0,1470,4800,2,0,0,3,7,1470,0,1996,0,98065,47.5265,-121828,1060,7200,159.863945578231,FALSE,0
7852030310,20140618T000000,440000,4,2.5,2410,4780,2,0,0,3,7,2410,0,2000,0,98065,47.5326,-121879,2410,4025,182.572614107884,FALSE,0
7853302190,20141217T000000,388500,4,2.5,1890,5395,2,0,0,3,7,1890,0,2006,0,98065,47.5415,-121883,2060,5395,205.555555555556,FALSE,0
7852190320,20150313T000000,555000,4,2.5,2870,6776,2,0,0,3,8,2870,0,2004,0,98065,47539,-121878,2770,6658,193.379790940767,FALSE,0
7853340960,20150227T000000,425590,3,2.75,1940,3088,2,0,3,3,8,1770,170,2008,0,98065,47.5185,-121878,1410,2335,219.376288659794,TRUE,1
7853250070,20150417T000000,679975,4,2.5,3830,4644,2,0,0,3,8,2900,930,2004,0,98065,47.5384,-121.88,3400,6163,177.539164490862,FALSE,0
7852010510,20150424T000000,585000,4,2.5,2910,6250,2,0,0,3,8,2910,0,1999,0,98065,47538,-121.87,2550,6250,201.030927835052,FALSE,0
9423800030,20141118T000000,250000,3,1,1100,7470,1,0,0,4,5,1100,0,1917,0,98065,47.5242,-121831,1280,7055,227.272727272727,TRUE,1
7852020800,20150402T000000,465000,3,2.5,1890,4808,2,0,0,3,8,1890,0,2000,0,98065,47.5348,-121866,2460,5348,246.031746031746,TRUE,1
7852060370,20140811T000000,355000,3,2.5,1590,4242,2,0,0,3,7,1590,0,2000,0,98065,47.5309,-121876,1590,3702,223.270440251572,TRUE,1
7853302180,20150409T000000,451000,4,2.5,2320,5375,2,0,0,3,7,2320,0,2006,0,98065,47.5415,-121883,2060,5395,194.396551724138,FALSE,0
7852000340,20140625T000000,482000,3,2.5,2420,7307,2,0,0,3,7,2420,0,1998,0,98065,47.5361,-121871,2420,5577,199.173553719008,FALSE,0
7852170570,20150309T000000,535950,3,2.5,2370,5344,2,0,0,3,9,2370,0,2003,0,98065,47.54,-121863,2990,5418,226.139240506329,TRUE,1
7852160310,20140814T000000,1010000,4,2.75,3430,15877,1,0,4,3,11,3430,0,2005,0,98065,47.5364,-121856,4080,14577,294.460641399417,TRUE,1
7853230200,20150309T000000,470000,3,2.5,2480,5082,2,0,0,3,7,2480,0,2004,0,98065,47.5297,-121846,2480,5874,189.516129032258,FALSE,0
7849200861,20140714T000000,281000,3,1,1300,5782,1,0,0,4,6,1300,0,1959,0,98065,47524,-121821,1020,7200,216.153846153846,TRUE,1
7852020340,20150325T000000,497000,3,2.5,2630,4611,2,0,0,3,8,2630,0,2001,0,98065,47.5322,-121868,2220,5250,188.973384030418,FALSE,0
7852170370,20140516T000000,522500,3,2.5,2370,7875,2,0,0,3,9,2370,0,2003,0,98065,47.5427,-121863,2660,7752,220.464135021097,TRUE,1
7849202220,20140717T000000,350000,2,1.75,1740,6620,1.5,0,0,3,8,1740,0,2002,0,98065,47526,-121828,1560,5400,201.149425287356,FALSE,0
7853230570,20140915T000000,440000,3,2.5,2230,5800,2,0,0,3,7,2230,0,2004,0,98065,47.5308,-121847,2230,6088,197.309417040359,FALSE,0
7851990240,20140717T000000,771150,4,3.5,3950,12320,2,0,0,3,10,3950,0,2001,0,98065,47.5414,-121869,3920,11086,195.227848101266,FALSE,0
7852150200,20140923T000000,389950,3,2.5,1700,6396,2,0,0,3,7,1700,0,2003,0,98065,47.5333,-121.87,1700,4444,229.382352941176,TRUE,1
7853230270,20140804T000000,435000,3,2.5,2370,6082,2,0,0,3,7,2370,0,2004,0,98065,47.5288,-121846,2690,6152,183.544303797468,FALSE,0
7852130640,20140602T000000,432500,3,2.5,2240,6396,2,0,0,3,7,2240,0,2002,0,98065,47.5356,-121881,2610,5128,193.080357142857,FALSE,0
5417600200,20140728T000000,285000,3,1.75,1930,7200,1.5,0,0,3,6,1930,0,1929,0,98065,47.5263,-121809,1350,9000,147.668393782383,FALSE,0
7852130550,20140916T000000,530000,4,2.5,3020,6788,2,0,0,3,7,3020,0,2002,0,98065,47.5346,-121881,2640,5325,175.496688741722,FALSE,0
2824089053,20150127T000000,474950,3,2,2250,222156,1,0,0,3,7,2250,0,1987,0,98065,47542,-121792,2110,121968,211.088888888889,TRUE,1
7852011040,20140521T000000,589000,4,2.5,2910,5776,2,0,2,3,8,2910,0,1998,0,98065,47.5388,-121.87,2550,6750,202.405498281787,FALSE,0
7853240310,20150318T000000,655000,4,2.5,3500,11306,2,0,2,3,9,3500,0,2005,0,98065,47.5428,-121861,3180,8028,187.142857142857,FALSE,0
7853302520,20150206T000000,475000,4,2.5,2320,10046,2,0,0,3,7,2320,0,2006,0,98065,47.5406,-121887,2320,5253,204.741379310345,FALSE,0
7853301520,20140903T000000,695000,5,3.25,3940,9780,2,0,0,3,9,3940,0,2007,0,98065,47.5435,-121888,3550,8468,176.395939086294,FALSE,0
7853310450,20140606T000000,589500,4,2.5,2630,6326,2,0,0,3,9,2630,0,2008,0,98065,47.5222,-121874,3240,6229,224.144486692015,TRUE,1
7849202299,20150218T000000,320000,0,2.5,1490,7111,2,0,0,3,7,1490,0,1999,0,98065,47.5261,-121826,1500,4675,214.765100671141,TRUE,1
7853300650,20140822T000000,425000,4,2.5,2270,4400,2,0,0,3,7,2270,0,2006,0,98065,47.5381,-121888,2090,4400,187.224669603524,FALSE,0
7853300720,20150212T000000,452500,4,2.5,2460,6454,2,0,0,3,7,2460,0,2006,0,98065,47.5381,-121.89,2320,4578,183.943089430894,FALSE,0
3024089057,20150106T000000,282500,4,1,1170,34925,1,0,0,4,6,1170,0,1942,0,98065,47.5305,-121841,1610,28108,241.452991452991,TRUE,1
7853220120,20150416T000000,610000,4,2.5,2950,9010,2,0,0,3,9,2950,0,2004,0,98065,47531,-121.86,3160,8813,206.779661016949,TRUE,1
7852150220,20140603T000000,432000,3,2.5,1970,4036,2,0,0,4,7,1970,0,2003,0,98065,47.5335,-121869,1960,5020,219.289340101523,TRUE,1
7852130720,20141009T000000,452500,3,2.5,2240,7791,2,0,0,3,7,2240,0,2002,0,98065,47.5361,-121.88,2480,5018,202.008928571429,FALSE,0
7852190410,20140626T000000,600000,3,2.5,3240,8016,2,0,0,3,8,2910,330,2004,0,98065,47.5382,-121877,2990,7561,185.185185185185,FALSE,0
7853340330,20140911T000000,384205,3,2.75,1810,3292,2,0,0,3,8,1810,0,2014,0,98065,47.5164,-121877,1810,2769,212.267955801105,TRUE,1
7852020620,20150303T000000,563500,4,2.5,2190,4944,2,0,0,3,8,2190,0,1999,0,98065,47.5341,-121866,2190,5108,257.305936073059,TRUE,1
7853302110,20150406T000000,469900,3,2.5,2270,4399,2,0,0,3,7,2270,0,2007,0,98065,47.5415,-121884,2060,4399,207.004405286344,TRUE,1
7853310720,20140617T000000,479500,3,2.75,2300,4637,2,0,0,3,8,2300,0,2008,0,98065,47.5216,-121878,2420,5699,208.478260869565,TRUE,1
2024089011,20140826T000000,550000,5,1,2150,262231,1.5,0,0,3,7,2150,0,1900,2000,98065,47.5519,-121803,1460,46609,255.813953488372,TRUE,1
7852150120,20140520T000000,384000,3,2.5,1700,4000,2,0,0,3,7,1700,0,2003,0,98065,47.5327,-121871,1700,4417,225.882352941176,TRUE,1
123079023,20141124T000000,356000,2,1,1430,365904,1,0,0,3,7,1010,420,1991,0,98065,47513,-121857,2300,253519,248.951048951049,TRUE,1
7853221010,20141029T000000,467000,3,2.5,1990,4978,2,0,0,3,8,1990,0,2004,0,98065,47.5323,-121856,2650,6816,234.673366834171,TRUE,1
7851990120,20140701T000000,925000,5,5.5,5190,12637,2,0,2,3,11,5190,0,2001,0,98065,47.5424,-121872,3840,12637,178.227360308285,FALSE,0
7853240040,20150414T000000,700000,4,2.75,3350,7857,2,0,2,3,9,3350,0,2004,0,98065,47.5398,-121859,3870,7886,208.955223880597,TRUE,1
7852150530,20140911T000000,425000,3,2.5,1960,4709,2,0,0,3,7,1960,0,2003,0,98065,47.5322,-121871,1700,4444,216.836734693878,TRUE,1
7853210210,20150325T000000,420000,3,2.5,1970,3667,2,0,0,3,7,1970,0,2004,0,98065,47.5321,-121851,1970,3739,213.197969543147,TRUE,1
7852040210,20140617T000000,449950,4,2.5,2470,3811,2,0,0,3,8,2470,0,1999,0,98065,47.5362,-121877,2400,4266,182.165991902834,FALSE,0
7853220210,20140922T000000,563500,4,2.5,2780,7838,2,0,3,3,9,2780,0,2004,0,98065,47.5312,-121861,3160,7848,202.697841726619,FALSE,0
7852020790,20140627T000000,490000,3,2.5,2230,5348,2,0,0,3,8,2230,0,2000,0,98065,47.5347,-121866,2190,5205,219.730941704036,TRUE,1
7849201020,20140821T000000,335000,4,1.75,1950,13440,1.5,0,0,4,6,1950,0,1931,0,98065,47.5232,-121821,1300,7432,171.794871794872,FALSE,0
7853300970,20150421T000000,489000,4,2.5,2170,4587,2,0,0,3,7,2170,0,2006,0,98065,47.5396,-121889,2170,5211,225.345622119816,TRUE,1
7852050220,20140808T000000,345000,3,2.5,1540,3237,2,0,0,3,7,1540,0,1999,0,98065,47.5299,-121878,1780,3411,224.025974025974,TRUE,1
7852180650,20140718T000000,419000,3,2.5,1970,4058,2,0,0,3,7,1970,0,2004,0,98065,47.5308,-121853,2340,4067,212.690355329949,TRUE,1
7851200040,20141216T000000,265000,3,1,960,9748,1,0,0,3,5,960,0,1922,0,98065,47.5259,-121815,1600,9958,276.041666666667,TRUE,1
7853220330,20141006T000000,730000,4,3.5,4420,7902,2,0,0,3,10,3350,1070,2004,0,98065,47.5327,-121.86,3440,7851,165.158371040724,FALSE,0
4032500035,20140913T000000,295000,2,1.75,1560,43748,2,0,0,3,8,1560,0,1967,2000,98065,47.5729,-121676,1000,24602,189.102564102564,FALSE,0
7853340660,20140806T000000,382000,2,2.5,1650,2710,2,0,2,3,8,1650,0,2008,0,98065,47.5173,-121878,1760,2992,231.515151515151,TRUE,1
7853300280,20150213T000000,536000,4,2.5,2880,8833,2,0,0,3,7,2880,0,2006,0,98065,47.5388,-121.89,2570,5234,186.111111111111,FALSE,0
7853300290,20150324T000000,490000,4,2.5,2570,6157,2,0,0,3,7,2570,0,2006,0,98065,47.5389,-121.89,2060,5292,190.661478599222,FALSE,0
7852160170,20150422T000000,1210000,4,3.75,4980,18069,2,0,3,3,11,4980,0,2006,0,98065,47.5348,-121856,4080,14577,242.971887550201,TRUE,1
2424400130,20140518T000000,352500,3,2.25,1410,14110,1,0,2,3,7,1170,240,1987,0,98065,47.5336,-121.76,1560,18336,250,TRUE,1
7853430660,20140910T000000,616200,5,3.25,3920,4832,2,0,0,3,9,3030,890,2014,0,98065,47.5202,-121885,2660,4832,157.19387755102,FALSE,0
2624089022,20150314T000000,399950,3,2.25,1560,11997,1,0,0,3,7,1260,300,1988,0,98065,47.5378,-121742,1820,36590,256.378205128205,TRUE,1
7849200635,20140630T000000,235000,2,1,900,28800,1,0,0,1,6,900,0,1928,0,98065,47.5245,-121822,1360,7200,261.111111111111,TRUE,1
7852000500,20140702T000000,480000,5,2.5,2160,7737,2,0,0,3,7,2160,0,1998,0,98065,47.5381,-121872,2460,7737,222.222222222222,TRUE,1
2624089026,20141002T000000,275000,4,1,1430,27153,1.5,0,0,4,5,1430,0,1934,0,98065,47.5372,-121744,1880,27153,192.307692307692,FALSE,0
9474700020,20140503T000000,310000,3,1,1010,9945,1,0,0,4,6,1010,0,1973,0,98065,47.5324,-121763,1390,12710,306.930693069307,TRUE,1
7852020080,20141210T000000,535000,3,3.25,2670,5108,2,0,2,3,9,2670,0,2000,0,98065,47.5342,-121866,2670,6500,200.374531835206,FALSE,0
7853230460,20150403T000000,555000,3,2.5,2690,4819,2,0,0,3,7,2690,0,2004,0,98065,47.5302,-121849,2360,4829,206.31970260223,FALSE,0
7802900500,20150304T000000,532500,3,3.25,3140,37120,1,0,0,3,9,1760,1380,1984,0,98065,47.5244,-121842,2100,13500,169.585987261147,FALSE,0
7853301660,20150223T000000,710000,5,3.25,3920,8572,2,0,0,3,9,3920,0,2007,0,98065,47.5427,-121887,3335,7258,181.122448979592,FALSE,0
7802900224,20140707T000000,670000,5,2.5,2860,68519,2,0,0,5,8,2860,0,1958,0,98065,47.5265,-121835,1670,35910,234.265734265734,TRUE,1
7852170130,20150421T000000,650000,4,2.75,3260,5335,2,0,0,3,9,3260,0,2003,0,98065,47.5414,-121864,3180,5438,199.386503067485,FALSE,0
7852160080,20150121T000000,760000,4,3.5,3720,13591,2,0,3,3,10,3720,0,2004,0,98065,47536,-121858,4210,14282,204.301075268817,FALSE,0
7852010840,20140729T000000,595000,4,2.5,2910,7287,2,0,0,3,8,2910,0,1998,0,98065,47.5354,-121869,2420,6180,204.46735395189,FALSE,0
2124089028,20140714T000000,279000,3,1.75,1430,39160,1,0,0,3,7,900,530,1925,1987,98065,47.5513,-121801,1430,40860,195.104895104895,FALSE,0
7852130080,20140925T000000,444500,3,2.5,2600,4724,2,0,0,3,7,2600,0,2002,0,98065,47.5359,-121878,2400,4724,170.961538461538,FALSE,0
7853220470,20140915T000000,615000,5,3.5,2950,7980,2,0,3,3,9,2350,600,2005,0,98065,47.5339,-121858,2950,7980,208.474576271186,TRUE,1
7853302140,20140524T000000,440500,3,2.5,2460,4399,2,0,0,3,7,2460,0,2007,0,98065,47.5415,-121884,2060,4399,179.065040650406,FALSE,0
7853220670,20140918T000000,540000,3,2.5,2860,8935,2,0,0,3,8,2860,0,2004,0,98065,47.5336,-121855,2650,6167,188.811188811189,FALSE,0
3124089049,20141208T000000,529000,4,1.75,2800,90169,2,0,0,3,7,2800,0,1934,1985,98065,47.5204,-121829,1600,27194,188.928571428571,FALSE,0
7853210050,20140707T000000,339000,3,2.5,1450,3748,2,0,0,3,7,1450,0,2004,0,98065,47532,-121.85,1970,3748,233.793103448276,TRUE,1
7606200275,20141230T000000,190000,3,1.5,760,40039,1,0,0,3,6,760,0,1906,0,98065,47.5295,-121829,980,6000,250,TRUE,1
7852190630,20150417T000000,600000,4,2.5,2710,6474,2,0,0,3,8,2710,0,2004,0,98065,47.5383,-121878,2870,6968,221.40221402214,TRUE,1
3024089049,20140609T000000,280000,2,1.75,1610,158558,1.5,0,0,2,6,1610,0,1948,0,98065,47.5319,-121.84,1800,3572,173.913043478261,FALSE,0
7852010950,20141020T000000,543500,4,2.5,2550,5835,2,0,0,3,8,2550,0,1998,0,98065,47.5373,-121.87,2420,5817,213.137254901961,TRUE,1
7852000010,20140527T000000,455600,3,2.5,2420,8252,2,0,0,3,7,2420,0,1998,0,98065,47.5382,-121871,2420,5818,188.264462809917,FALSE,0
7852020670,20150402T000000,475000,3,2.75,1890,3938,2,0,0,3,8,1890,0,1999,0,98065,47.5336,-121867,1890,4142,251.322751322751,TRUE,1
7853302130,20140604T000000,418500,3,2.5,2060,4399,2,0,0,3,7,2060,0,2007,0,98065,47.5415,-121884,2060,4399,203.155339805825,FALSE,0
7853300020,20150320T000000,475000,5,2.75,3100,5298,2,0,0,3,7,3100,0,2007,0,98065,47.5369,-121887,2440,5250,153.225806451613,FALSE,0
7851990230,20150316T000000,825000,4,3.5,3920,11086,2,0,0,3,10,3920,0,1999,0,98065,47.5416,-121869,3740,10880,210.459183673469,TRUE,1
7852090820,20140729T000000,539900,3,2.5,2500,4203,2,0,0,3,8,2500,0,2001,0,98065,47.5346,-121875,2460,4798,215.96,TRUE,1
7853220970,20140528T000000,515000,4,2.5,2680,7178,2,0,0,3,8,2680,0,2004,0,98065,47.5325,-121856,2540,7133,192.164179104478,FALSE,0
7853210180,20141002T000000,428000,3,2.5,2340,3466,2,0,0,3,7,2340,0,2004,0,98065,47.5322,-121851,1970,3739,182.905982905983,FALSE,0
7853220610,20140729T000000,457000,3,2.5,2050,5694,2,0,2,3,8,2050,0,2004,0,98065,47.5331,-121855,2680,7187,222.926829268293,TRUE,1
7852020760,20141101T000000,399000,3,2.5,1740,3690,2,0,0,3,8,1740,0,2000,0,98065,47.5345,-121867,2100,4944,229.310344827586,TRUE,1
7849202296,20150130T000000,339900,3,2.5,1470,4675,2,0,0,3,7,1470,0,1999,0,98065,47.5261,-121827,1500,4385,231.224489795918,TRUE,1
7853310590,20140529T000000,658000,4,2.75,3310,6166,2,0,0,3,9,3310,0,2008,0,98065,47521,-121877,3200,7027,198.791540785498,FALSE,0
7606200090,20150327T000000,208000,2,1,1160,5750,1,0,0,4,6,1160,0,1924,0,98065,47.5322,-121829,1160,8250,179.310344827586,FALSE,0
7852110690,20140522T000000,622500,4,2.5,2980,8107,2,0,0,3,9,2980,0,2000,0,98065,47.5389,-121876,2750,7760,208.892617449664,TRUE,1
7852150720,20140922T000000,405000,3,2.5,2070,4697,2,0,0,3,7,2070,0,2002,0,98065,47.5307,-121875,2230,4437,195.652173913043,FALSE,0
7852110740,20141112T000000,645500,4,2.5,2990,8622,2,0,0,3,9,2990,0,2000,0,98065,47.5394,-121875,2980,8622,215.886287625418,TRUE,1
7852030330,20140903T000000,480000,3,2.5,2270,4488,2,0,0,3,7,2270,0,1999,0,98065,47.5329,-121879,2360,4427,211.453744493392,TRUE,1
7802900504,20140625T000000,454000,3,1,1970,22144,1,0,0,4,7,1970,0,1970,0,98065,47.5234,-121841,1970,13500,230.456852791878,TRUE,1
7852010940,20150505T000000,540000,3,2.5,2400,5817,2,0,0,3,8,2400,0,1998,0,98065,47.5371,-121.87,2420,5817,225,TRUE,1
3624079067,20140508T000000,330000,2,2,1550,435600,1.5,0,0,2,7,1550,0,1972,0,98065,47.5145,-121853,1600,217800,212.903225806452,TRUE,1
7853300770,20140609T000000,410000,3,2.5,1960,4400,2,0,0,3,7,1960,0,2006,0,98065,47.5384,-121889,2060,4400,209.183673469388,TRUE,1
7852130410,20141027T000000,450000,3,2.5,2480,5647,2,0,0,3,7,2480,0,2002,0,98065,47.5355,-121.88,2510,5018,181.451612903226,FALSE,0
7853220910,20140915T000000,485000,3,2.5,2270,7887,2,0,2,3,8,2270,0,2004,0,98065,47.5326,-121855,2550,7133,213.656387665198,TRUE,1
2624089040,20150217T000000,279475,2,1,1060,10600,1.5,0,0,3,6,1060,0,1968,0,98065,47.5375,-121742,1560,21344,263.655660377358,TRUE,1
7852020580,20140724T000000,375000,3,2.75,1890,3930,2,0,0,3,8,1890,0,1999,0,98065,47.5337,-121867,2100,4259,198.412698412698,FALSE,0
7853301400,20140520T000000,625000,4,2.5,3550,8048,2,0,0,3,9,3550,0,2007,0,98065,47.5422,-121888,3920,7871,176.056338028169,FALSE,0
7852010900,20150324T000000,523000,3,2.5,2400,6182,2,0,0,3,8,2400,0,1998,0,98065,47.5363,-121.87,2420,5829,217.916666666667,TRUE,1
7852030790,20150505T000000,500000,4,2.5,2960,5027,2,0,0,3,7,2960,0,2000,0,98065,47.5328,-121881,2760,5500,168.918918918919,FALSE,0
3124089060,20150424T000000,282000,3,1,1250,13503,1.5,0,0,4,6,1250,0,1931,0,98065,47526,-121829,1450,13503,225.6,TRUE,1
7852020720,20150327T000000,506950,3,2.5,2080,4931,2,0,0,3,8,2080,0,2000,0,98065,47.5342,-121868,1890,4229,243.725961538462,TRUE,1
7853320550,20140805T000000,425000,4,2.5,2070,4427,2,0,0,3,7,2070,0,2007,0,98065,47.5208,-121869,2070,4556,205.314009661836,FALSE,0
7853220390,20140502T000000,785000,5,3.25,3660,11995,2,0,2,3,10,3660,0,2006,0,98065,47.5337,-121.86,3320,11241,214.48087431694,TRUE,1
7853270710,20150409T000000,690000,5,3.25,3340,9075,2,0,0,3,8,2600,740,2005,0,98065,47.5446,-121.88,2770,6646,206.586826347305,TRUE,1
3862710030,20150424T000000,450000,3,2.5,1800,4357,2,0,0,3,8,1800,0,2013,0,98065,47.5337,-121841,1800,3663,250,TRUE,1
7853280350,20140512T000000,809000,5,4.5,4630,6324,2,0,0,3,9,3210,1420,2006,0,98065,47.5382,-121.86,4420,6790,174.730021598272,FALSE,0
7853361420,20140826T000000,569950,4,2.5,3230,5899,2,0,0,3,8,3230,0,2012,0,98065,47515,-121869,2720,5899,176.455108359133,FALSE,0
7852120030,20140808T000000,723000,4,3.5,3510,9263,2,0,0,3,10,3510,0,2001,0,98065,47.5413,-121877,3690,10417,205.982905982906,FALSE,0
7853380570,20150511T000000,701000,4,2.5,3340,5314,2,0,0,3,10,3340,0,2010,0,98065,47.5167,-121885,3220,5500,209.880239520958,TRUE,1
7853270200,20141021T000000,672500,4,2.5,3470,6651,2,0,0,3,9,3470,0,2005,0,98065,47.5426,-121879,2730,6179,193.804034582133,FALSE,0
7852090390,20150413T000000,715000,4,2.5,3020,7035,2,0,4,3,9,3020,0,2001,0,98065,47.5344,-121874,3020,6771,236.754966887417,TRUE,1
7853380510,20140603T000000,575000,4,2.75,3120,7644,2,0,0,3,10,3120,0,2010,0,98065,47.5156,-121884,2980,6050,184.294871794872,FALSE,0
7853361230,20140516T000000,480000,4,2.5,2430,5000,2,0,0,3,7,2430,0,2009,0,98065,47515,-121873,2430,5441,197.530864197531,FALSE,0
7853321180,20141222T000000,465000,5,2.5,2550,6405,2,0,0,3,7,2550,0,2008,0,98065,47.5191,-121869,2190,5900,182.352941176471,FALSE,0
7853270520,20150409T000000,622950,4,3.25,3030,7644,2,0,0,3,8,2830,200,2006,0,98065,47.5457,-121881,3400,6908,205.594059405941,FALSE,0
7853280550,20140528T000000,700000,4,3.5,4490,5099,2,0,0,3,9,3390,1100,2006,0,98065,47.5394,-121861,4290,5537,155.902004454343,FALSE,0
7852120140,20140610T000000,695000,4,3.5,3510,9364,2,0,0,3,10,3510,0,2001,0,98065,47.54,-121876,3510,9161,198.005698005698,FALSE,0
7853360990,20150102T000000,430000,3,2.5,1950,4949,2,0,0,3,7,1950,0,2009,0,98065,47.5155,-121.87,2200,5740,220.512820512821,TRUE,1
7853320030,20141124T000000,515000,4,2.75,2700,5150,2,0,0,3,9,2700,0,2009,0,98065,47.5209,-121874,2700,5747,190.740740740741,FALSE,0
7853321090,20141001T000000,450000,3,2.5,2410,4293,2,0,0,3,7,2410,0,2007,0,98065,47.5196,-121869,2190,5900,186.721991701245,FALSE,0
7852130800,20140513T000000,435000,4,2.25,2140,6355,2,0,0,3,7,2140,0,2002,0,98065,47.5367,-121.88,2480,5746,203.271028037383,FALSE,0
7853430690,20150127T000000,572800,3,2.5,3310,4682,2,0,0,3,9,2380,930,2015,0,98065,47.5201,-121885,2660,5166,173.051359516616,FALSE,0
7853420100,20140623T000000,633634,4,3.5,2960,6000,2,0,0,3,9,2960,0,2014,0,98065,47.5183,-121886,2960,6000,214.065540540541,TRUE,1
7853350090,20140604T000000,648000,4,2.5,3290,6203,2,0,0,3,9,3290,0,2008,0,98065,47.5441,-121.86,2990,6835,196.960486322188,FALSE,0
3862710090,20140826T000000,417000,3,2.5,1570,4926,2,0,0,3,8,1570,0,2014,0,98065,47.5342,-121842,1800,3202,265.605095541401,TRUE,1
7853280490,20141222T000000,633000,4,3.5,4220,5817,2,0,0,3,9,2910,1310,2006,0,98065,47.5392,-121862,4290,6637,150,FALSE,0
7853360820,20140909T000000,544999,4,2.5,2710,6937,2,0,0,3,7,2710,0,2009,0,98065,47.5153,-121871,2380,5866,201.106642066421,FALSE,0
7853320470,20140611T000000,516000,4,3.5,2550,8698,2,0,0,3,7,2550,0,2007,0,98065,47.5216,-121869,2430,5519,202.352941176471,FALSE,0
7853400250,20140604T000000,610000,4,3.5,2910,5260,2,0,0,3,9,2910,0,2012,0,98065,47.5168,-121883,2910,5260,209.621993127148,TRUE,1
7853400250,20150219T000000,645000,4,3.5,2910,5260,2,0,0,3,9,2910,0,2012,0,98065,47.5168,-121883,2910,5260,221.649484536082,TRUE,1
7853420480,20140618T000000,536751,3,1.75,1930,6360,1,0,0,3,9,1930,0,2013,0,98065,47.5181,-121885,2770,6373,278.10932642487,TRUE,1
7853350170,20140516T000000,675000,5,2.5,3200,6455,2,0,0,3,9,3200,0,2009,0,98065,47.5446,-121862,3290,7924,210.9375,TRUE,1
7853360250,20140710T000000,592000,5,3.5,3340,5000,2,0,0,3,8,2580,760,2012,0,98065,47.5168,-121871,3420,5000,177.245508982036,FALSE,0
3862710050,20141113T000000,437718,3,2.5,1800,3265,2,0,0,3,8,1800,0,2014,0,98065,47.5338,-121841,1800,3663,243.176666666667,TRUE,1
7853380480,20140529T000000,650880,3,2.5,2930,6050,2,0,0,3,9,2930,0,2008,0,98065,47.5151,-121883,2760,5765,222.143344709898,TRUE,1
7853361410,20140530T000000,545000,4,2.5,2720,4738,2,0,0,3,8,2720,0,2012,0,98065,47515,-121869,2590,5740,200.367647058824,FALSE,0
7852110380,20140703T000000,605000,3,2.5,2610,6405,2,0,0,3,8,2610,0,2001,0,98065,47.5373,-121874,2580,6285,231.800766283525,TRUE,1
7853320280,20150312T000000,425000,3,2.5,1950,4345,2,0,0,3,7,1950,0,2007,0,98065,47.5202,-121873,2260,4345,217.948717948718,TRUE,1
7853370020,20141014T000000,591975,3,2.75,3230,5250,2,0,0,3,9,2680,550,2014,0,98065,47.5196,-121878,2710,5250,183.27399380805,FALSE,0
7852130460,20150325T000000,500000,4,3,2520,4104,2,0,0,3,7,2520,0,2002,0,98065,47.5352,-121.88,2510,5015,198.412698412698,FALSE,0
3862710180,20150326T000000,408474,3,2.5,1800,2731,2,0,0,3,8,1800,0,2014,0,98065,47.5342,-121841,1800,3265,226.93,TRUE,1
7853280610,20141117T000000,709950,4,3.25,3910,6293,2,0,0,3,9,3130,780,2006,0,98065,47.5389,-121.86,4410,6015,181.572890025575,FALSE,0
7853360850,20150116T000000,471500,3,2.5,2430,5866,2,0,0,3,7,2430,0,2009,0,98065,47.5158,-121871,2380,5866,194.0329218107,FALSE,0
7853360300,20140904T000000,540000,4,3.5,3510,6005,2,0,0,3,8,2750,760,2010,0,98065,47.5168,-121.87,3090,5866,153.846153846154,FALSE,0
7853321260,20140908T000000,492000,4,2.5,2550,6382,2,0,0,3,7,2550,0,2007,0,98065,47.5202,-121.87,2430,5900,192.941176470588,FALSE,0
7853361370,20140502T000000,555000,4,2.5,3310,6500,2,0,0,3,8,3310,0,2012,0,98065,47515,-121.87,2380,5000,167.673716012085,FALSE,0
7853280370,20141114T000000,805000,5,4.5,4600,7810,2,0,0,3,9,3200,1400,2006,0,98065,47.5381,-121.86,4480,6324,175,FALSE,0
7852090570,20150317T000000,560000,4,2.5,2630,5710,2,0,0,3,8,2630,0,2001,0,98065,47.5342,-121876,2550,5500,212.927756653992,TRUE,1
7853390260,20150205T000000,640000,4,3.5,3220,5741,2,0,0,3,9,3220,0,2013,0,98065,47.5169,-121886,2960,6534,198.757763975155,FALSE,0
7853270830,20140805T000000,445000,3,2.5,2230,7934,2,0,0,3,7,2230,0,2005,0,98065,47.5439,-121.88,2310,4818,199.551569506726,FALSE,0
7853370260,20140711T000000,635000,4,3.25,3420,6752,2,0,2,3,9,3030,390,2012,0,98065,47517,-121876,3010,5172,185.672514619883,FALSE,0
7853280570,20140604T000000,765000,4,3,4410,5104,2,0,0,3,9,3400,1010,2006,0,98065,47.5392,-121861,4390,5537,173.469387755102,FALSE,0
7853400260,20140513T000000,660000,4,3.5,3400,5196,2,0,0,3,9,3400,0,2012,0,98065,47.5169,-121884,3170,5260,194.117647058824,FALSE,0
3862710200,20140925T000000,414000,3,2.5,1790,3754,2,0,0,3,8,1790,0,2013,0,98065,47534,-121841,1800,3393,231.284916201117,TRUE,1
7853280620,20141212T000000,689000,4,3.5,4490,5805,2,0,0,3,9,3390,1100,2006,0,98065,47.5389,-121.86,4410,6299,153.452115812918,FALSE,0
7852120120,20140620T000000,725000,3,3.5,3690,8837,2,0,0,3,10,3690,0,2001,0,98065,47.5402,-121876,3690,9585,196.476964769648,FALSE,0
7852070210,20140527T000000,1149000,4,3,5940,11533,2,0,4,3,11,4950,990,2004,0,98065,47.5443,-121.87,4240,12813,193.434343434343,FALSE,0
7853361210,20150218T000000,400000,3,2,1650,5027,1.5,0,0,3,7,1650,0,2009,0,98065,47515,-121874,2430,6000,242.424242424242,TRUE,1
7853350220,20150324T000000,605000,3,2.75,2450,5750,2,0,0,3,9,2450,0,2013,0,98065,47.5439,-121862,3200,8036,246.938775510204,TRUE,1
7853360720,20140908T000000,485000,3,2.5,2430,5867,2,0,0,3,7,2430,0,2011,0,98065,47.5162,-121872,2620,5866,199.588477366255,FALSE,0
3862710210,20140520T000000,409316,3,2.5,1800,3168,2,0,0,3,8,1800,0,2014,0,98065,47.5342,-121841,1800,3393,227.397777777778,TRUE,1
7853400220,20140926T000000,589410,3,3,2840,7201,2,0,0,3,9,2840,0,2014,0,98065,47.5165,-121883,2540,5260,207.538732394366,TRUE,1
7853370620,20150206T000000,605000,5,4,3040,6000,2,0,0,3,8,2280,760,2011,0,98065,47.5189,-121876,3070,5558,199.013157894737,FALSE,0
7852100150,20140625T000000,459000,5,3.5,2640,6895,2,0,0,3,7,2640,0,2001,0,98065,47.5298,-121879,2640,5267,173.863636363636,FALSE,0
7853420450,20140519T000000,575000,4,2.5,2500,4945,2,0,0,3,9,2500,0,2013,0,98065,47.5185,-121885,2760,6000,230,TRUE,1
7853430180,20140716T000000,699188,4,3.25,3250,5478,2,0,0,3,9,3250,0,2014,0,98065,47.5178,-121887,3250,5482,215.134769230769,TRUE,1
7853370440,20141121T000000,637850,5,3.25,3340,4900,2,0,2,3,9,2500,840,2014,0,98065,47.5193,-121877,3220,5200,190.973053892216,FALSE,0
7853270630,20150120T000000,544000,4,2.5,2340,6973,2,0,0,3,8,1930,410,2005,0,98065,47.5451,-121882,2950,6908,232.478632478632,TRUE,1
7852130430,20140806T000000,425000,4,2.5,2390,5021,2,0,0,3,7,2390,0,2002,0,98065,47.5353,-121879,2520,5333,177.824267782427,FALSE,0
3862710010,20150501T000000,424950,3,2.5,1650,4777,2,0,0,3,8,1650,0,2013,0,98065,47.5336,-121841,1800,3331,257.545454545455,TRUE,1
7853361310,20141215T000000,425000,4,2.5,1950,5000,2,0,0,3,8,1950,0,2012,0,98065,47515,-121872,2710,5000,217.948717948718,TRUE,1
7853280250,20150424T000000,820875,5,3.25,3860,9387,2,0,2,3,9,3860,0,2006,0,98065,47538,-121858,3860,8979,212.661917098446,TRUE,1
7853410170,20150316T000000,595500,4,2.5,2490,6537,2,0,0,3,8,2490,0,2013,0,98065,47.5185,-121884,2520,5848,239.156626506024,TRUE,1
7852140170,20150421T000000,695000,4,2.5,2830,14538,2,0,0,3,8,2830,0,2003,0,98065,47.5405,-121882,2270,6939,245.583038869258,TRUE,1
3862700020,20150423T000000,433190,3,2.5,1650,2787,2,0,0,3,8,1650,0,2014,0,98065,47.5336,-121838,1760,2787,262.539393939394,TRUE,1
7852090680,20150305T000000,561000,4,2.5,2550,5395,2,0,0,3,8,2550,0,2001,0,98065,47.5355,-121874,2850,6109,220,TRUE,1
7853320950,20141023T000000,412500,3,2,1680,5246,1,0,0,3,7,1680,0,2007,0,98065,47.5206,-121868,2430,6883,245.535714285714,TRUE,1
7853321150,20141103T000000,452000,4,2.5,2190,6896,2,0,0,3,7,2190,0,2007,0,98065,47.5191,-121869,2190,5900,206.392694063927,TRUE,1
7852120050,20150311T000000,729950,4,3.5,3510,10010,2,0,0,3,10,3510,0,2001,0,98065,47.5412,-121876,4200,9935,207.962962962963,TRUE,1
7853320250,20140920T000000,480000,3,2.5,2410,4656,2,0,0,3,7,2410,0,2009,0,98065,47.5203,-121874,2410,4840,199.170124481328,FALSE,0
7853360480,20140904T000000,540000,4,2.5,2710,9248,2,0,0,3,7,2710,0,2011,0,98065,47.5164,-121875,2710,5000,199.261992619926,FALSE,0
7853360470,20150417T000000,641000,5,3.5,3420,6403,2,0,2,3,8,2700,720,2013,0,98065,47.5162,-121874,2710,6038,187.426900584795,FALSE,0
7853370250,20141223T000000,625000,4,2.75,3010,6854,2,0,2,3,9,2570,440,2012,0,98065,47.5171,-121876,1830,2952,207.641196013289,TRUE,1
7853321110,20140813T000000,409000,3,2.5,1950,7263,2,0,0,3,7,1950,0,2007,0,98065,47.5194,-121869,2190,5900,209.74358974359,TRUE,1
7852120180,20150304T000000,695000,4,3.5,3510,9084,2,0,0,3,10,3510,0,2001,0,98065,47.5402,-121875,3690,9568,198.005698005698,FALSE,0
7853361120,20140729T000000,530000,3,2.5,1970,6295,2,0,0,3,7,1970,0,2011,0,98065,47.5158,-121874,2710,6009,269.035532994924,TRUE,1
7853360620,20140701T000000,425000,3,2.5,1950,5689,2,0,0,3,7,1950,0,2009,0,98065,47.5158,-121873,2190,5653,217.948717948718,TRUE,1
7853370100,20150406T000000,599832,3,2.75,3230,5200,2,0,0,3,9,2680,550,2014,0,98065,47519,-121878,3100,4900,185.706501547988,FALSE,0
7853420110,20141003T000000,594866,3,3,2780,6000,2,0,0,3,9,2780,0,2013,0,98065,47.5184,-121886,2850,6000,213.980575539568,TRUE,1
7853420110,20150504T000000,625000,3,3,2780,6000,2,0,0,3,9,2780,0,2013,0,98065,47.5184,-121886,2850,6000,224.820143884892,TRUE,1
7852140040,20140825T000000,507250,3,2.5,2270,5536,2,0,0,3,8,2270,0,2003,0,98065,47.5389,-121881,2270,5731,223.458149779736,TRUE,1

